{
  "project_info": {
    "project_number": "188224152826",
    "firebase_url": "https://stopsmoking-da5c1-default-rtdb.asia-southeast1.firebasedatabase.app",
    "project_id": "stopsmoking-da5c1",
    "storage_bucket": "stopsmoking-da5c1.appspot.com"
  },
  "client": [
    {
      "client_info": {
        "mobilesdk_app_id": "1:188224152826:android:083b630c96253fe903d543",
        "android_client_info": {
          "package_name": "com.example.stopsmoking"
        }
      },
      "oauth_client": [
        {
          "client_id": "188224152826-49a7e24bq8llfoadhqji25k1qqo96hhu.apps.googleusercontent.com",
          "client_type": 3
        }
      ],
      "api_key": [
        {
          "current_key": "AIzaSyBNBF9kdM0V2sn0rW5ULOodR0ac6OpRz2w"
        }
      ],
      "services": {
        "appinvite_service": {
          "other_platform_oauth_client": [
            {
              "client_id": "188224152826-49a7e24bq8llfoadhqji25k1qqo96hhu.apps.googleusercontent.com",
              "client_type": 3
            }
          ]
        }
      }
    }
  ],
  "configuration_version": "1"
}